Municipio;Depto;2015;2016;2017;2018;2019;2020;2021;2022;2023;2024;2025;2026;2027;2028;2029;2030;2031;2032;2033;2034;2035
Guatemala;Guatemala;1,142,188;1,153,830;1,165,109;1,175,737;1,185,973;1,195,727;1,204,964;1,213,651;1,221,739;1,229,215;1,236,048;1,242,219;1,247,703;1,252,503;1,256,594;1,259,993;1,262,670;1,264,637;1,265,907;1,266,437;1,266,244
Santa Catarina Pinula;Guatemala;84,215;84,733;85,234;85,699;86,148;86,575;86,980;87,362;87,717;88,047;88,350;88,628;88,878;89,103;89,302;89,478;89,628;89,757;89,864;89,949;90,013
San José Pinula;Guatemala;84,770;85,524;86,265;86,974;87,668;88,345;89,001;89,636;90,247;90,835;91,399;91,938;92,451;92,940;93,403;93,843;94,261;94,655;95,029;95,381;95,711
San José del Golfo;Guatemala;8,078;8,139;8,197;8,253;8,307;8,358;8,409;8,456;8,502;8,545;8,585;8,623;8,659;8,692;8,723;8,752;8,777;8,801;8,823;8,843;8,862
Palencia;Guatemala;72,175;72,614;73,039;73,432;73,813;74,175;74,517;74,839;75,139;75,417;75,673;75,905;76,116;76,303;76,469;76,615;76,740;76,846;76,933;77,001;77,051
Chinautla;Guatemala;116,768;117,928;119,074;120,175;121,259;122,321;123,356;124,365;125,342;126,289;127,203;128,085;128,932;129,748;130,529;131,280;131,999;132,688;133,350;133,981;134,584
San Pedro Ayampuc;Guatemala;60,608;61,682;62,753;63,805;64,854;65,894;66,926;67,946;68,954;69,948;70,928;71,894;72,843;73,777;74,695;75,599;76,487;77,359;78,219;79,063;79,892
Mixco;Guatemala;446,877;456,760;466,749;476,736;486,827;496,992;507,220;517,505;527,828;538,189;548,578;558,989;569,417;579,864;590,323;600,803;611,294;621,806;632,345;642,894;653,463
San Pedro Sacatepéquez;Guatemala;50,756;51,587;52,421;53,245;54,071;54,897;55,723;56,545;57,362;58,175;58,983;59,786;60,582;61,373;62,157;62,937;63,711;64,480;65,244;66,003;66,758
San Juan Sacatepéquez;Guatemala;261,052;264,553;268,039;271,448;274,841;278,200;281,520;284,798;288,024;291,199;294,316;297,376;300,374;303,314;306,193;309,016;311,778;314,485;317,144;319,744;322,291
San Raymundo;Guatemala;37,606;37,821;38,028;38,218;38,401;38,575;38,739;38,891;39,033;39,162;39,281;39,387;39,481;39,564;39,634;39,695;39,746;39,786;39,816;39,836;39,847
Chuarrancho;Guatemala;16,123;16,168;16,261;16,384;16,533;16,697;16,872;17,057;17,245;17,436;17,628;17,820;18,011;18,200;18,388;18,573;18,755;18,934;19,112;19,287;19,460
Fraijanes;Guatemala;56,956;58,218;59,311;60,288;61,199;62,067;62,906;63,721;64,519;65,302;66,070;66,825;67,567;68,296;69,012;69,717;70,409;71,091;71,762;72,421;73,069
Amatitlán;Guatemala;138,168;140,226;142,284;144,305;146,324;148,330;150,322;152,296;154,248;156,177;158,082;159,961;161,811;163,636;165,432;167,203;168,947;170,665;172,361;174,030;175,674
Villa Nueva;Guatemala;425,783;433,872;442,061;450,250;458,545;466,922;475,373;483,897;492,480;501,127;509,832;518,596;527,416;536,301;545,248;554,273;563,369;572,550;581,829;591,194;600,660
Villa Canales;Guatemala;160,276;161,470;162,636;163,736;164,807;165,839;166,831;167,779;168,680;169,534;170,338;171,094;171,799;172,456;173,065;173,629;174,146;174,620;175,054;175,445;175,795
San Miguel Petapa;Guatemala;131,101;134,519;137,691;140,605;143,321;145,861;148,250;150,513;152,666;154,729;156,714;158,631;160,489;162,295;164,053;165,771;167,450;169,095;170,710;172,292;173,846
Guastatoya;El Progreso;25,803;26,070;26,317;26,554;26,774;26,989;27,201;27,407;27,608;27,803;27,992;28,173;28,350;28,518;28,680;28,836;28,986;29,128;29,265;29,394;29,519
Morazán;El Progreso;12,442;12,482;12,517;12,550;12,579;12,608;12,639;12,672;12,703;12,736;12,768;12,800;12,831;12,861;12,890;12,918;12,945;12,971;12,996;13,020;13,042
San Agustín Acasaguastlán;El Progreso;52,014;52,573;53,098;53,605;54,088;54,563;55,039;55,508;55,971;56,428;56,878;57,319;57,755;58,177;58,592;59,000;59,399;59,787;60,168;60,540;60,905
San Cristóbal Acasaguastlán;El Progreso;7,692;7,736;7,778;7,820;7,859;7,899;7,939;7,979;8,018;8,055;8,092;8,127;8,162;8,195;8,226;8,256;8,285;8,312;8,337;8,361;8,383
El Jícaro;El Progreso;13,476;13,486;13,492;13,497;13,499;13,502;13,509;13,518;13,527;13,539;13,551;13,564;13,576;13,589;13,601;13,614;13,626;13,637;13,649;13,660;13,671
Sansare;El Progreso;13,107;13,205;13,293;13,377;13,454;13,529;13,602;13,674;13,744;13,812;13,878;13,940;14,002;14,058;14,114;14,167;14,218;14,266;14,311;14,354;14,395
Sanarate;El Progreso;40,710;40,997;41,264;41,518;41,751;41,977;42,203;42,422;42,634;42,840;43,039;43,229;43,414;43,589;43,755;43,915;44,067;44,210;44,346;44,474;44,596
San Antonio La Paz;El Progreso;20,363;20,756;21,111;21,436;21,730;22,002;22,256;22,493;22,712;22,916;23,105;23,281;23,445;23,595;23,735;23,865;23,986;24,097;24,201;24,297;24,386
Antigua Guatemala;Sacatepéquez;55,089;55,595;56,221;56,898;57,602;58,338;59,091;59,850;60,608;61,360;62,104;62,839;63,559;64,267;64,962;65,641;66,307;66,960;67,597;68,220;68,827
Jocotenango;Sacatepéquez;21,351;21,748;22,127;22,484;22,824;23,160;23,492;23,820;24,144;24,463;24,779;25,088;25,393;25,692;25,986;26,274;26,557;26,835;27,106;27,373;27,634
Pastores;Sacatepéquez;17,737;18,143;18,499;18,817;19,109;19,389;19,661;19,928;20,190;20,445;20,696;20,943;21,184;21,422;21,653;21,880;22,102;22,319;22,532;22,739;22,943
Sumpango;Sacatepéquez;40,889;41,818;42,716;43,578;44,415;45,249;46,082;46,912;47,740;48,564;49,386;50,204;51,015;51,821;52,622;53,417;54,207;54,992;55,769;56,540;57,304
Santo Domingo Xenacoj;Sacatepéquez;12,429;12,778;13,122;13,457;13,787;14,121;14,455;14,793;15,134;15,476;15,820;16,166;16,514;16,863;17,214;17,566;17,919;18,273;18,629;18,986;19,344
Santiago Sacatepéquez;Sacatepéquez;33,338;34,005;34,644;35,250;35,832;36,409;36,982;37,549;38,111;38,667;39,218;39,763;40,299;40,830;41,352;41,867;42,376;42,877;43,369;43,856;44,333
San Bartolomé Milpas Altas;Sacatepéquez;7,751;7,941;8,108;8,256;8,391;8,519;8,642;8,762;8,879;8,993;9,105;9,214;9,321;9,425;9,527;9,627;9,725;9,821;9,914;10,005;10,094
San Lucas Sacatepéquez;Sacatepéquez;26,381;26,840;27,274;27,681;28,066;28,445;28,819;29,187;29,549;29,902;30,251;30,593;30,928;31,254;31,575;31,887;32,191;32,489;32,779;33,062;33,337
Santa Lucía Milpas Altas;Sacatepéquez;15,182;15,646;16,068;16,447;16,792;17,116;17,422;17,712;17,989;18,253;18,508;18,753;18,988;19,217;19,437;19,651;19,859;20,061;20,258;20,449;20,635
Magdalena Milpas Altas;Sacatepéquez;12,102;12,242;12,367;12,478;12,578;12,674;12,766;12,853;12,936;13,016;13,091;13,162;13,228;13,290;13,348;13,400;13,450;13,495;13,536;13,573;13,606
Santa María de Jesús;Sacatepéquez;24,780;25,165;25,525;25,857;26,168;26,472;26,769;27,061;27,346;27,622;27,892;28,154;28,409;28,656;28,895;29,127;29,350;29,566;29,774;29,974;30,168
Ciudad Vieja;Sacatepéquez;35,075;36,149;37,187;38,181;39,140;40,083;41,010;41,920;42,815;43,690;44,548;45,388;46,206;47,005;47,784;48,542;49,281;50,001;50,699;51,379;52,037
San Miguel Dueñas;Sacatepéquez;13,491;13,859;14,218;14,562;14,898;15,231;15,562;15,892;16,218;16,541;16,862;17,179;17,491;17,800;18,104;18,404;18,700;18,990;19,276;19,557;19,833
San Juan Alotenango;Sacatepéquez;25,878;26,307;26,710;27,086;27,439;27,787;28,129;28,464;28,792;29,114;29,429;29,737;30,037;30,329;30,614;30,890;31,159;31,422;31,676;31,922;32,161
San Antonio Aguas Calientes;Sacatepéquez;11,018;11,313;11,602;11,883;12,160;12,438;12,716;12,997;13,279;13,562;13,846;14,131;14,416;14,703;14,990;15,277;15,564;15,852;16,140;16,428;16,716
Santa Catarina Barahona;Sacatepéquez;4,022;4,119;4,213;4,304;4,392;4,480;4,569;4,657;4,746;4,834;4,922;5,010;5,098;5,185;5,272;5,359;5,446;5,532;5,617;5,703;5,788
Chimaltenango;Chimaltenango;102,730;104,763;106,813;108,843;110,817;112,778;114,720;116,642;118,541;120,412;122,257;124,073;125,858;127,613;129,339;131,033;132,698;134,335;135,941;137,519;139,067
San José Poaquil;Chimaltenango;30,322;30,871;31,418;31,952;32,462;32,963;33,454;33,932;34,400;34,855;35,297;35,727;36,144;36,549;36,940;37,321;37,690;38,046;38,392;38,726;39,051
San Martín Jilotepeque;Chimaltenango;84,520;86,091;87,657;89,190;90,659;92,103;93,517;94,901;96,254;97,571;98,857;100,109;101,325;102,507;103,657;104,773;105,857;106,911;107,932;108,925;109,886
San Juan Comalapa;Chimaltenango;51,449;52,794;54,153;55,508;56,841;58,174;59,505;60,834;62,157;63,476;64,788;66,094;67,392;68,684;69,968;71,244;72,514;73,778;75,034;76,283;77,527
Santa Apolonia;Chimaltenango;21,523;21,869;22,211;22,545;22,859;23,166;23,464;23,751;24,031;24,299;24,559;24,808;25,048;25,277;25,497;25,708;25,910;26,103;26,288;26,464;26,632
Tecpán Guatemala;Chimaltenango;98,471;100,596;102,728;104,831;106,871;108,893;110,891;112,864;114,810;116,725;118,611;120,468;122,290;124,083;125,845;127,575;129,276;130,949;132,590;134,205;135,791
Patzún;Chimaltenango;63,573;64,808;66,040;67,250;68,414;69,560;70,685;71,790;72,873;73,932;74,966;75,978;76,964;77,926;78,865;79,780;80,672;81,541;82,389;83,215;84,019
San Miguel Pochuta;Chimaltenango;10,439;10,540;10,651;10,764;10,878;10,996;11,116;11,239;11,365;11,491;11,620;11,748;11,877;12,006;12,134;12,262;12,391;12,518;12,644;12,770;12,895
Patzicía;Chimaltenango;35,017;35,959;36,864;37,729;38,547;39,337;40,104;40,848;41,571;42,277;42,964;43,635;44,290;44,929;45,556;46,168;46,767;47,355;47,931;48,494;49,046
Santa Cruz Balanyá;Chimaltenango;9,743;9,929;10,115;10,298;10,472;10,646;10,815;10,981;11,144;11,302;11,457;11,608;11,756;11,900;12,040;12,177;12,309;12,439;12,564;12,687;12,807
Acatenango;Chimaltenango;25,993;26,423;26,850;27,265;27,660;28,043;28,417;28,780;29,132;29,473;29,801;30,119;30,423;30,718;30,999;31,271;31,532;31,782;32,022;32,252;32,472
San Pedro Yepocapa;Chimaltenango;36,948;37,827;38,713;39,591;40,449;41,304;42,153;42,996;43,832;44,659;45,480;46,291;47,094;47,887;48,673;49,449;50,217;50,977;51,727;52,471;53,205
San Andrés Itzapa;Chimaltenango;32,050;32,562;33,079;33,594;34,093;34,591;35,087;35,579;36,067;36,550;37,028;37,501;37,966;38,426;38,880;39,327;39,769;40,204;40,634;41,057;41,474
Parramos;Chimaltenango;17,334;17,804;18,280;18,755;19,223;19,693;20,163;20,632;21,102;21,570;22,037;22,503;22,968;23,430;23,891;24,350;24,808;25,265;25,720;26,173;26,625
Zaragoza;Chimaltenango;25,209;25,891;26,565;27,222;27,854;28,473;29,077;29,668;30,245;30,807;31,355;31,890;32,410;32,919;33,415;33,898;34,369;34,830;35,279;35,719;36,148
El Tejar;Chimaltenango;19,735;20,305;20,884;21,465;22,040;22,618;23,198;23,780;24,363;24,947;25,532;26,117;26,703;27,288;27,873;28,459;29,045;29,631;30,217;30,803;31,390
Escuintla;Escuintla;154,623;157,085;159,427;161,706;163,906;166,067;168,193;170,280;172,324;174,328;176,287;178,203;180,077;181,908;183,696;185,444;187,151;188,816;190,443;192,031;193,584
Santa Lucía Cotzumalguapa;Escuintla;113,756;115,996;118,101;120,130;122,080;123,987;125,854;127,683;129,473;131,225;132,935;134,608;136,243;137,840;139,398;140,921;142,407;143,856;145,269;146,649;147,995
La Democracia;Escuintla;24,075;24,398;24,694;24,973;25,231;25,474;25,703;25,917;26,116;26,299;26,468;26,620;26,758;26,879;26,985;27,076;27,153;27,214;27,260;27,293;27,311
Siquinalá;Escuintla;24,427;24,611;24,836;25,096;25,377;25,678;25,993;26,317;26,645;26,975;27,303;27,629;27,951;28,269;28,581;28,887;29,187;29,480;29,768;30,049;30,323
Masagua;Escuintla;44,275;44,969;45,622;46,250;46,851;47,435;48,002;48,552;49,085;49,600;50,097;50,577;51,039;51,484;51,911;52,322;52,717;53,095;53,457;53,804;54,137
Tiquisate;Escuintla;60,648;61,053;61,472;61,923;62,393;62,894;63,422;63,971;64,537;65,116;65,704;66,299;66,898;67,499;68,099;68,699;69,296;69,887;70,474;71,054;71,627
La Gomera;Escuintla;60,984;46,580;47,703;48,817;49,919;51,017;52,114;53,211;54,301;55,388;56,471;57,548;58,621;59,688;60,751;61,807;62,859;63,905;64,945;65,981;67,012
Guanagazapa;Escuintla;17,061;17,076;17,102;17,146;17,202;17,275;17,361;17,458;17,565;17,681;17,802;17,930;18,062;18,197;18,335;18,475;18,617;18,759;18,902;19,044;19,186
San José;Escuintla;60,845;62,008;63,123;64,211;65,267;66,304;67,326;68,331;69,316;70,283;71,229;72,156;73,064;73,952;74,821;75,671;76,502;77,313;78,107;78,883;79,642
Iztapa;Escuintla;17,918;18,349;18,741;19,108;19,451;19,780;20,096;20,401;20,697;20,984;21,264;21,534;21,799;22,057;22,307;22,551;22,790;23,023;23,249;23,470;23,687
Palín;Escuintla;64,408;65,665;66,835;67,965;69,053;70,122;71,172;72,203;73,212;74,201;75,167;76,113;77,037;77,939;78,820;79,681;80,521;81,340;82,139;82,920;83,680
San Vicente Pacaya;Escuintla;16,558;16,852;17,132;17,402;17,665;17,920;18,172;18,417;18,657;18,891;19,120;19,342;19,558;19,769;19,974;20,173;20,366;20,554;20,737;20,913;21,086
Nueva Concepción;Escuintla;74,647;75,863;77,012;78,123;79,186;80,223;81,233;82,216;83,170;84,096;84,991;85,858;86,697;87,507;88,288;89,043;89,771;90,471;91,145;91,795;92,420
Sipacate;Escuintla;0;15,944;16,328;16,710;17,086;17,463;17,838;18,212;18,586;18,959;19,329;19,698;20,064;20,430;20,793;21,156;21,515;21,873;22,229;22,584;22,937
Cuilapa;Santa Rosa;43,972;44,475;44,979;45,496;45,996;46,489;46,974;47,448;47,910;48,360;48,795;49,215;49,621;50,013;50,392;50,756;51,108;51,444;51,770;52,081;52,379
Barberena;Santa Rosa;56,507;57,350;58,142;58,921;59,656;60,376;61,079;61,764;62,433;63,086;63,720;64,335;64,933;65,515;66,079;66,625;67,154;67,667;68,164;68,644;69,109
Santa Rosa de Lima;Santa Rosa;19,147;19,586;19,993;20,382;20,744;21,088;21,415;21,726;22,024;22,306;22,573;22,828;23,070;23,300;23,519;23,727;23,925;24,112;24,291;24,461;24,622
Casillas;Santa Rosa;25,055;25,182;25,325;25,493;25,670;25,859;26,059;26,265;26,473;26,684;26,894;27,101;27,305;27,505;27,701;27,891;28,075;28,254;28,428;28,594;28,755
San Rafael Las Flores;Santa Rosa;12,421;12,671;12,913;13,154;13,388;13,620;13,850;14,078;14,305;14,530;14,752;14,972;15,190;15,405;15,618;15,829;16,038;16,243;16,448;16,649;16,849
Oratorio;Santa Rosa;24,434;24,908;25,363;25,815;26,253;26,686;27,115;27,539;27,959;28,375;28,786;29,191;29,591;29,987;30,377;30,762;31,142;31,517;31,887;32,252;32,611
San Juan Tecuaco;Santa Rosa;11,429;11,672;11,907;12,143;12,371;12,599;12,825;13,050;13,275;13,498;13,719;13,938;14,156;14,371;14,586;14,799;15,010;15,219;15,426;15,633;15,837
Chiquimulilla;Santa Rosa;58,748;59,839;60,881;61,915;62,913;63,897;64,871;65,832;66,781;67,719;68,642;69,549;70,444;71,326;72,193;73,046;73,887;74,711;75,526;76,324;77,110
Taxisco;Santa Rosa;32,826;33,512;34,175;34,836;35,478;36,117;36,751;37,381;38,008;38,630;39,246;39,857;40,462;41,062;41,658;42,246;42,830;43,408;43,981;44,548;45,110
Santa María Ixhuatán;Santa Rosa;25,558;25,796;26,007;26,210;26,390;26,560;26,721;26,871;27,012;27,143;27,263;27,374;27,475;27,568;27,651;27,725;27,790;27,847;27,896;27,936;27,970
Guazacapán;Santa Rosa;20,338;20,675;20,994;21,309;21,610;21,906;22,197;22,482;22,762;23,037;23,306;23,569;23,827;24,078;24,324;24,565;24,800;25,029;25,254;25,473;25,686
Santa Cruz Naranjo;Santa Rosa;15,980;16,311;16,632;16,951;17,261;17,569;17,875;18,179;18,481;18,782;19,080;19,374;19,666;19,955;20,242;20,526;20,808;21,086;21,363;21,636;21,906
Pueblo Nuevo Viñas;Santa Rosa;28,385;28,608;28,800;28,982;29,140;29,285;29,418;29,540;29,651;29,751;29,840;29,917;29,983;30,040;30,086;30,122;30,148;30,165;30,173;30,172;30,163
Nueva Santa Rosa;Santa Rosa;37,182;37,594;37,969;38,331;38,663;38,981;39,286;39,576;39,854;40,118;40,367;40,603;40,825;41,034;41,231;41,414;41,585;41,743;41,891;42,026;42,150
Sololá;Sololá;94,406;95,374;96,349;97,297;98,215;99,094;99,934;100,732;101,491;102,208;102,882;103,514;104,104;104,654;105,163;105,633;106,066;106,460;106,818;107,142;107,431
San José Chacayá;Sololá;4,644;4,746;4,844;4,940;5,035;5,128;5,220;5,311;5,402;5,491;5,579;5,667;5,753;5,838;5,923;6,006;6,088;6,170;6,250;6,329;6,408
Santa María Visitación;Sololá;2,355;2,396;2,438;2,480;2,521;2,561;2,602;2,641;2,680;2,718;2,756;2,793;2,829;2,865;2,900;2,934;2,968;3,001;3,033;3,065;3,096
Santa Lucía Utatlán;Sololá;21,011;21,153;21,296;21,432;21,560;21,680;21,790;21,891;21,982;22,064;22,136;22,199;22,252;22,297;22,332;22,360;22,379;22,390;22,394;22,391;22,381
Nahualá;Sololá;81,246;83,233;85,267;87,319;89,387;91,460;93,541;95,623;97,710;99,796;101,883;103,968;106,050;108,131;110,210;112,285;114,358;116,428;118,496;120,561;122,625
Santa Catarina Ixtahuacán;Sololá;54,702;55,813;56,919;58,017;59,111;60,196;61,274;62,342;63,402;64,451;65,488;66,514;67,527;68,529;69,518;70,496;71,462;72,416;73,357;74,290;75,210
Santa Clara La Laguna;Sololá;9,435;9,587;9,741;9,894;10,044;10,193;10,340;10,483;10,625;10,763;10,898;11,030;11,160;11,286;11,409;11,529;11,647;11,762;11,873;11,981;12,088
Concepción;Sololá;6,744;6,769;6,826;6,906;7,001;7,104;7,214;7,328;7,444;7,562;7,680;7,798;7,914;8,030;8,146;8,260;8,372;8,483;8,594;8,703;8,810
San Andrés Semetabaj;Sololá;13,451;13,685;13,924;14,161;14,397;14,630;14,861;15,088;15,311;15,531;15,748;15,960;16,170;16,375;16,576;16,773;16,967;17,157;17,343;17,526;17,706
Panajachel;Sololá;14,448;14,721;14,999;15,277;15,554;15,830;16,101;16,371;16,639;16,903;17,164;17,422;17,675;17,925;18,172;18,415;18,656;18,892;19,125;19,355;19,581
Santa Catarina Palopó;Sololá;4,588;4,638;4,690;4,740;4,789;4,836;4,882;4,926;4,968;5,008;5,046;5,082;5,117;5,149;5,180;5,210;5,236;5,262;5,286;5,309;5,330
San Antonio Palopó;Sololá;14,934;15,078;15,222;15,362;15,498;15,628;15,752;15,869;15,980;16,085;16,183;16,275;16,360;16,440;16,513;16,580;16,643;16,699;16,750;16,795;16,835
San Lucas Tolimán;Sololá;30,177;30,463;30,751;31,031;31,302;31,559;31,805;32,038;32,259;32,465;32,659;32,840;33,008;33,163;33,306;33,437;33,556;33,663;33,759;33,845;33,921
Santa Cruz La Laguna;Sololá;7,371;7,461;7,551;7,640;7,727;7,812;7,894;7,972;8,048;8,122;8,192;8,260;8,324;8,387;8,445;8,501;8,554;8,605;8,654;8,699;8,743
San Pablo La Laguna;Sololá;7,685;7,730;7,782;7,835;7,890;7,946;8,004;8,063;8,124;8,184;8,246;8,308;8,371;8,434;8,498;8,562;8,627;8,692;8,757;8,824;8,889
San Marcos La Laguna;Sololá;2,723;2,761;2,798;2,836;2,872;2,909;2,944;2,978;3,011;3,044;3,075;3,105;3,135;3,162;3,190;3,217;3,242;3,266;3,290;3,312;3,334
San Juan La Laguna;Sololá;11,700;11,975;12,258;12,541;12,828;13,113;13,400;13,687;13,973;14,260;14,546;14,831;15,115;15,400;15,682;15,964;16,246;16,527;16,806;17,086;17,365
San Pedro La Laguna;Sololá;10,424;10,653;10,886;11,122;11,357;11,593;11,828;12,062;12,296;12,528;12,759;12,989;13,218;13,445;13,671;13,896;14,119;14,341;14,561;14,780;14,998
Santiago Atitlán;Sololá;39,702;40,544;41,404;42,267;43,132;43,994;44,854;45,709;46,561;47,407;48,248;49,083;49,910;50,732;51,548;52,356;53,159;53,955;54,745;55,529;56,307
Totonicapán;Totonicapán;110,020;111,419;112,902;114,452;115,978;117,483;118,960;120,408;121,825;123,211;124,560;125,874;127,155;128,400;129,611;130,788;131,933;133,046;134,127;135,177;136,197
San Cristóbal Totonicapán;Totonicapán;39,435;39,983;40,562;41,167;41,764;42,354;42,937;43,511;44,074;44,626;45,168;45,698;46,217;46,725;47,221;47,706;48,179;48,644;49,096;49,540;49,973
San Francisco El Alto;Totonicapán;57,465;58,802;60,163;61,544;62,898;64,224;65,521;66,788;68,026;69,233;70,408;71,552;72,668;73,753;74,810;75,839;76,842;77,820;78,772;79,701;80,606
San Andrés Xecul;Totonicapán;26,927;27,382;27,862;28,363;28,860;29,356;29,849;30,339;30,823;31,304;31,779;32,248;32,713;33,171;33,623;34,070;34,512;34,948;35,380;35,806;36,227
Momostenango;Totonicapán;124,019;126,437;128,974;131,617;134,261;136,909;139,552;142,191;144,820;147,439;150,041;152,629;155,203;157,760;160,300;162,823;165,332;167,826;170,303;172,766;175,214
Santa María Chiquimula;Totonicapán;56,425;56,812;57,236;57,685;58,115;58,526;58,918;59,287;59,635;59,961;60,264;60,543;60,801;61,036;61,250;61,442;61,615;61,769;61,903;62,019;62,117
Santa Lucía la Reforma;Totonicapán;24,370;24,572;24,790;25,021;25,245;25,461;25,668;25,868;26,058;26,240;26,411;26,573;26,726;26,870;27,006;27,132;27,250;27,360;27,462;27,556;27,643
San Bartolo Aguas Calientes;Totonicapán;12,100;12,121;12,164;12,226;12,296;12,374;12,459;12,549;12,644;12,742;12,844;12,948;13,055;13,163;13,272;13,383;13,494;13,606;13,718;13,830;13,942
Quetzaltenango;Quetzaltenango;178,463;182,118;185,809;189,514;193,207;196,867;200,491;204,075;207,620;211,118;214,570;217,976;221,334;224,647;227,911;231,127;234,298;237,424;240,504;243,541;246,537
Salcajá;Quetzaltenango;18,653;19,145;19,609;20,047;20,459;20,851;21,222;21,577;21,917;22,244;22,558;22,861;23,155;23,440;23,714;23,982;24,240;24,492;24,737;24,976;25,207
San Juan Olintepeque;Quetzaltenango;34,844;35,633;36,334;36,988;37,615;38,219;38,808;39,383;39,944;40,493;41,028;41,552;42,062;42,560;43,047;43,520;43,982;44,432;44,871;45,298;45,715
San Carlos Sija;Quetzaltenango;31,919;32,508;33,101;33,695;34,284;34,866;35,437;36,001;36,554;37,097;37,631;38,153;38,666;39,169;39,660;40,142;40,615;41,077;41,529;41,973;42,408
Sibilia;Quetzaltenango;7,984;8,140;8,298;8,455;8,612;8,766;8,920;9,071;9,220;9,367;9,511;9,654;9,794;9,931;10,066;10,199;10,329;10,458;10,584;10,709;10,831
Cabricán;Quetzaltenango;25,156;25,588;26,023;26,456;26,885;27,307;27,720;28,124;28,522;28,910;29,288;29,657;30,018;30,370;30,714;31,048;31,374;31,692;32,001;32,302;32,595
Cajolá;Quetzaltenango;17,791;18,007;18,227;18,452;18,675;18,896;19,116;19,333;19,547;19,757;19,964;20,168;20,367;20,564;20,756;20,945;21,129;21,310;21,488;21,662;21,833
San Miguel Siguilá;Quetzaltenango;8,912;9,052;9,193;9,333;9,471;9,607;9,739;9,869;9,995;10,119;10,239;10,356;10,471;10,581;10,689;10,794;10,896;10,995;11,091;11,185;11,275
San Juan Ostuncalco;Quetzaltenango;59,311;59,541;59,813;60,118;60,447;60,791;61,148;61,517;61,896;62,282;62,674;63,071;63,472;63,877;64,282;64,689;65,097;65,504;65,910;66,315;66,719
San Mateo;Quetzaltenango;7,682;7,927;8,141;8,329;8,500;8,658;8,806;8,946;9,081;9,209;9,334;9,456;9,573;9,687;9,798;9,906;10,011;10,114;10,215;10,312;10,407
Concepción Chiquirichapa;Quetzaltenango;18,499;18,848;19,199;19,551;19,900;20,245;20,585;20,920;21,249;21,573;21,891;22,203;22,510;22,811;23,106;23,396;23,680;23,958;24,231;24,499;24,762
San Martín Sacatepéquez;Quetzaltenango;30,040;30,586;31,136;31,686;32,232;32,771;33,303;33,826;34,341;34,847;35,345;35,832;36,311;36,782;37,244;37,696;38,140;38,577;39,005;39,426;39,839
Almolonga;Quetzaltenango;15,087;15,402;15,721;16,042;16,362;16,679;16,993;17,305;17,613;17,918;18,219;18,517;18,811;19,101;19,387;19,670;19,949;20,225;20,497;20,765;21,031
Cantel;Quetzaltenango;39,421;40,736;41,969;43,126;44,212;45,229;46,186;47,087;47,941;48,751;49,521;50,256;50,959;51,634;52,281;52,904;53,505;54,085;54,645;55,188;55,714
Huitán;Quetzaltenango;13,952;14,022;14,120;14,239;14,374;14,522;14,677;14,839;15,006;15,175;15,345;15,516;15,686;15,854;16,022;16,187;16,349;16,508;16,665;16,819;16,970
Zunil;Quetzaltenango;13,954;14,300;14,610;14,895;15,161;15,414;15,657;15,893;16,121;16,344;16,560;16,772;16,978;17,180;17,376;17,567;17,754;17,936;18,113;18,286;18,453
Colomba Costa Cuca;Quetzaltenango;53,017;53,331;53,733;54,206;54,730;55,290;55,878;56,487;57,111;57,743;58,380;59,018;59,654;60,287;60,913;61,531;62,140;62,740;63,329;63,907;64,475
San Francisco La Unión;Quetzaltenango;8,509;8,689;8,865;9,035;9,201;9,361;9,516;9,666;9,812;9,953;10,090;10,222;10,352;10,477;10,598;10,717;10,832;10,944;11,053;11,160;11,263
El Palmar;Quetzaltenango;29,115;29,477;29,849;30,225;30,600;30,973;31,342;31,706;32,065;32,419;32,767;33,110;33,446;33,776;34,100;34,417;34,729;35,034;35,333;35,625;35,913
Coatepeque;Quetzaltenango;110,644;111,781;113,091;114,522;116,029;117,579;119,152;120,737;122,321;123,894;125,450;126,985;128,495;129,980;131,433;132,856;134,247;135,607;136,935;138,232;139,498
Génova;Quetzaltenango;42,336;42,882;43,444;44,015;44,590;45,162;45,731;46,294;46,852;47,403;47,945;48,480;49,006;49,522;50,030;50,527;51,015;51,494;51,962;52,422;52,871
Flores Costa Cuca;Quetzaltenango;21,312;21,806;22,309;22,820;23,335;23,851;24,369;24,888;25,408;25,929;26,452;26,976;27,501;28,028;28,556;29,087;29,619;30,155;30,693;31,234;31,779
La Esperanza;Quetzaltenango;21,878;22,446;22,938;23,385;23,802;24,199;24,579;24,948;25,307;25,657;25,997;26,329;26,652;26,969;27,276;27,577;27,870;28,154;28,433;28,704;28,968
Palestina de Los Altos;Quetzaltenango;19,606;19,676;19,790;19,937;20,109;20,299;20,504;20,719;20,942;21,169;21,400;21,632;21,865;22,096;22,326;22,552;22,776;22,997;23,213;23,426;23,635
Mazatenango;Suchitepéquez;82,645;82,687;82,788;82,969;83,211;83,500;83,828;84,186;84,569;84,971;85,386;85,811;86,241;86,675;87,110;87,544;87,973;88,398;88,816;89,227;89,629
Cuyotenango;Suchitepéquez;34,558;35,115;35,659;36,201;36,738;37,266;37,785;38,294;38,791;39,280;39,756;40,220;40,675;41,119;41,551;41,975;42,388;42,790;43,184;43,567;43,942
San Francisco Zapotitlán;Suchitepéquez;21,855;22,340;22,821;23,306;23,792;24,278;24,763;25,245;25,726;26,204;26,679;27,152;27,622;28,088;28,552;29,014;29,473;29,929;30,383;30,834;31,283
San Bernardino;Suchitepéquez;15,289;15,596;15,899;16,204;16,508;16,810;17,110;17,408;17,702;17,995;18,284;18,570;18,852;19,132;19,409;19,683;19,953;20,221;20,486;20,748;21,008
San José el Ídolo;Suchitepéquez;11,056;11,223;11,386;11,547;11,707;11,864;12,017;12,166;12,314;12,455;12,594;12,729;12,861;12,988;13,112;13,232;13,349;13,463;13,573;13,681;13,785
Santo Domingo Suchitepéquez;Suchitepéquez;44,724;45,433;46,124;46,814;47,496;48,166;48,825;49,470;50,099;50,717;51,319;51,907;52,479;53,038;53,583;54,115;54,634;55,138;55,631;56,111;56,580
San Lorenzo;Suchitepéquez;13,115;13,262;13,402;13,541;13,675;13,804;13,930;14,048;14,163;14,272;14,375;14,473;14,567;14,654;14,737;14,816;14,889;14,959;15,024;15,084;15,141
Samayac;Suchitepéquez;24,259;24,785;25,237;25,640;26,008;26,349;26,666;26,967;27,252;27,525;27,784;28,033;28,271;28,500;28,720;28,931;29,133;29,326;29,512;29,690;29,860
San Pablo Jocopilas;Suchitepéquez;19,787;20,237;20,683;21,134;21,586;22,038;22,490;22,939;23,388;23,835;24,280;24,723;25,163;25,602;26,038;26,472;26,905;27,336;27,764;28,191;28,617
San Antonio Suchitepéquez;Suchitepéquez;58,859;59,984;61,093;62,204;63,313;64,411;65,501;66,577;67,641;68,692;69,729;70,751;71,759;72,753;73,733;74,702;75,655;76,595;77,524;78,439;79,342
San Miguel Panán;Suchitepéquez;11,139;11,364;11,586;11,810;12,033;12,255;12,475;12,694;12,910;13,125;13,337;13,547;13,755;13,961;14,165;14,366;14,565;14,762;14,958;15,151;15,343
San Gabriel;Suchitepéquez;7,080;7,281;7,465;7,636;7,796;7,944;8,082;8,211;8,331;8,442;8,546;8,644;8,736;8,821;8,902;8,978;9,050;9,118;9,182;9,244;9,301
Chicacao;Suchitepéquez;66,745;66,936;67,147;67,399;67,680;67,979;68,296;68,622;68,958;69,300;69,645;69,991;70,336;70,680;71,021;71,360;71,693;72,020;72,341;72,655;72,962
Patulul;Suchitepéquez;40,676;40,969;41,254;41,543;41,830;42,115;42,394;42,667;42,934;43,194;43,446;43,691;43,928;44,157;44,380;44,594;44,802;45,002;45,197;45,382;45,563
Santa Bárbara;Suchitepéquez;26,634;26,840;27,030;27,215;27,391;27,555;27,708;27,849;27,978;28,096;28,202;28,296;28,379;28,452;28,514;28,567;28,609;28,643;28,666;28,683;28,690
San Juan Bautista;Suchitepéquez;8,205;8,441;8,660;8,864;9,057;9,236;9,404;9,560;9,705;9,842;9,970;10,089;10,201;10,306;10,405;10,498;10,586;10,668;10,747;10,820;10,890
Santo Tomas La Unión;Suchitepéquez;11,372;11,611;11,848;12,087;12,325;12,563;12,800;13,035;13,269;13,501;13,731;13,959;14,185;14,409;14,631;14,852;15,070;15,287;15,502;15,716;15,928
Zunilito;Suchitepéquez;7,809;8,003;8,190;8,372;8,550;8,722;8,888;9,048;9,202;9,349;9,490;9,626;9,756;9,880;9,997;10,110;10,218;10,320;10,418;10,510;10,599
Pueblo Nuevo;Suchitepéquez;11,261;11,414;11,560;11,703;11,843;11,979;12,111;12,239;12,363;12,483;12,599;12,710;12,817;12,919;13,019;13,114;13,205;13,293;13,377;13,458;13,535
Río Bravo;Suchitepéquez;28,019;28,574;29,120;29,670;30,218;30,762;31,303;31,838;32,368;32,893;33,411;33,923;34,429;34,930;35,424;35,913;36,396;36,873;37,345;37,811;38,273
San José La Máquina;Suchitepéquez;23,836;24,220;24,595;24,969;25,340;25,703;26,062;26,412;26,756;27,092;27,421;27,742;28,055;28,361;28,660;28,951;29,236;29,513;29,785;30,049;30,308
Retalhuleu;Retalhuleu;100,309;101,979;103,623;105,241;106,840;108,405;109,935;111,431;112,894;114,320;115,710;117,065;118,385;119,669;120,918;122,139;123,323;124,479;125,606;126,704;127,769
San Sebastián;Retalhuleu;28,865;29,202;29,530;29,845;30,151;30,444;30,724;30,991;31,244;31,486;31,713;31,928;32,131;32,321;32,500;32,668;32,824;32,970;33,106;33,233;33,349
Santa Cruz Muluá;Retalhuleu;14,297;14,608;14,916;15,224;15,530;15,835;16,138;16,438;16,737;17,031;17,323;17,612;17,898;18,181;18,460;18,738;19,013;19,285;19,555;19,823;20,087
San Martín Zapotitlán;Retalhuleu;11,767;12,029;12,270;12,494;12,706;12,905;13,094;13,275;13,448;13,614;13,775;13,929;14,078;14,222;14,362;14,497;14,627;14,754;14,877;14,996;15,112
San Felipe;Retalhuleu;23,884;24,351;24,816;25,277;25,736;26,191;26,640;27,083;27,520;27,953;28,378;28,798;29,213;29,621;30,023;30,421;30,812;31,199;31,582;31,959;32,331
San Andrés Villa Seca;Retalhuleu;50,341;51,316;52,283;53,241;54,194;55,133;56,060;56,974;57,876;58,763;59,635;60,494;61,338;62,167;62,982;63,786;64,576;65,353;66,118;66,873;67,612
Champerico;Retalhuleu;35,040;35,649;36,250;36,842;37,429;38,006;38,570;39,124;39,666;40,196;40,715;41,221;41,716;42,200;42,671;43,134;43,583;44,024;44,454;44,876;45,286
Nuevo San Carlos;Retalhuleu;39,942;40,180;40,470;40,801;41,166;41,552;41,956;42,369;42,791;43,214;43,637;44,058;44,474;44,884;45,287;45,684;46,072;46,451;46,823;47,185;47,537
El Asintal;Retalhuleu;39,062;39,785;40,500;41,207;41,909;42,601;43,281;43,950;44,607;45,253;45,886;46,508;47,118;47,715;48,301;48,877;49,440;49,994;50,538;51,072;51,595
San Marcos;San Marcos;46,835;47,041;47,344;47,723;48,142;48,609;49,115;49,654;50,218;50,800;51,397;52,004;52,619;53,238;53,859;54,483;55,105;55,726;56,344;56,958;57,569
San Pedro Sacatepéquez;San Marcos;76,620;78,315;79,910;81,438;82,881;84,289;85,671;87,030;88,370;89,692;90,996;92,282;93,549;94,801;96,035;97,253;98,455;99,640;100,810;101,965;103,103
San Antonio Sacatepéquez;San Marcos;18,096;18,636;19,154;19,651;20,118;20,565;20,994;21,409;21,808;22,193;22,566;22,927;23,279;23,620;23,953;24,279;24,596;24,907;25,212;25,511;25,806
Comitancillo;San Marcos;75,535;76,400;77,279;78,157;78,990;79,810;80,612;81,393;82,153;82,890;83,601;84,287;84,947;85,582;86,191;86,776;87,337;87,875;88,389;88,881;89,350
San Miguel Ixtahuacán;San Marcos;49,187;49,744;50,309;50,874;51,411;51,937;52,452;52,955;53,442;53,914;54,370;54,809;55,231;55,637;56,027;56,401;56,758;57,101;57,428;57,740;58,039
Concepción Tutuapa;San Marcos;76,129;77,451;78,799;80,161;81,489;82,817;84,138;85,452;86,756;88,046;89,323;90,583;91,829;93,059;94,272;95,470;96,652;97,818;98,970;100,106;101,227
Tacaná;San Marcos;77,851;78,494;79,185;79,907;80,616;81,341;82,079;82,826;83,581;84,339;85,101;85,864;86,627;87,389;88,151;88,914;89,674;90,433;91,190;91,946;92,700
Sibinal;San Marcos;16,104;16,244;16,397;16,560;16,725;16,894;17,069;17,248;17,430;17,615;17,801;17,988;18,177;18,366;18,555;18,745;18,934;19,123;19,313;19,501;19,688
Tajumulco;San Marcos;56,684;57,784;58,908;60,046;61,163;62,284;63,405;64,524;65,640;66,749;67,852;68,948;70,035;71,116;72,187;73,251;74,306;75,354;76,392;77,424;78,448
Tejutla;San Marcos;38,897;39,788;40,702;41,631;42,553;43,481;44,416;45,356;46,298;47,243;48,189;49,136;50,083;51,029;51,976;52,923;53,870;54,816;55,763;56,710;57,657
San Rafael Pie de la Cuesta;San Marcos;16,888;17,133;17,382;17,633;17,874;18,115;18,352;18,586;18,817;19,044;19,266;19,483;19,695;19,903;20,106;20,304;20,498;20,687;20,872;21,052;21,228
Nuevo Progreso;San Marcos;28,986;29,479;29,982;30,489;30,984;31,477;31,968;32,456;32,940;33,417;33,889;34,356;34,816;35,269;35,716;36,158;36,592;37,021;37,443;37,860;38,271
El Tumbador;San Marcos;46,839;47,710;48,599;49,499;50,380;51,263;52,144;53,022;53,896;54,764;55,626;56,478;57,324;58,162;58,991;59,813;60,627;61,433;62,231;63,021;63,804
San José el Rodeo;San Marcos;17,389;17,718;18,055;18,396;18,731;19,066;19,401;19,735;20,067;20,399;20,727;21,053;21,376;21,697;22,015;22,330;22,642;22,951;23,259;23,563;23,864
Malacatán;San Marcos;101,444;102,773;104,122;105,476;106,774;108,056;109,318;110,558;111,772;112,956;114,110;115,233;116,325;117,384;118,412;119,411;120,378;121,316;122,224;123,104;123,957
Catarina;San Marcos;29,726;30,194;30,671;31,151;31,618;32,082;32,542;32,998;33,448;33,891;34,328;34,757;35,178;35,593;36,000;36,399;36,791;37,176;37,554;37,925;38,288
Ayutla;San Marcos;39,796;41,014;42,188;43,316;44,380;45,401;46,383;47,328;48,239;49,118;49,968;50,791;51,589;52,365;53,119;53,856;54,574;55,276;55,963;56,636;57,296
Ocós;San Marcos;11,340;11,619;11,877;12,120;12,346;12,564;12,776;12,983;13,185;13,385;13,581;13,773;13,964;14,151;14,335;14,517;14,697;14,874;15,048;15,221;15,391
San Pablo;San Marcos;46,260;47,229;48,221;49,226;50,219;51,216;52,217;53,219;54,221;55,221;56,218;57,213;58,203;59,190;60,173;61,152;62,127;63,097;64,064;65,027;65,987
El Quetzal;San Marcos;24,325;24,558;24,810;25,076;25,339;25,611;25,888;26,169;26,455;26,743;27,032;27,323;27,613;27,905;28,195;28,486;28,775;29,065;29,353;29,640;29,925
La Reforma;San Marcos;21,636;21,982;22,334;22,689;23,034;23,377;23,717;24,055;24,389;24,718;25,043;25,361;25,675;25,983;26,286;26,584;26,877;27,164;27,446;27,724;27,996
Pajapita;San Marcos;22,079;22,270;22,463;22,654;22,832;23,005;23,171;23,331;23,483;23,627;23,763;23,892;24,012;24,124;24,228;24,325;24,414;24,496;24,571;24,639;24,701
Ixchiguán;San Marcos;22,707;23,075;23,450;23,828;24,196;24,561;24,926;25,286;25,642;25,994;26,341;26,682;27,019;27,349;27,674;27,994;28,308;28,617;28,921;29,219;29,513
San José Ojetenam;San Marcos;21,760;21,898;22,055;22,227;22,399;22,580;22,768;22,963;23,164;23,369;23,577;23,788;24,000;24,216;24,433;24,650;24,870;25,090;25,311;25,532;25,753
San Cristóbal Cucho;San Marcos;16,798;17,000;17,205;17,410;17,605;17,798;17,987;18,172;18,352;18,526;18,696;18,860;19,019;19,172;19,319;19,463;19,599;19,731;19,858;19,980;20,098
Sipacapa;San Marcos;23,637;24,266;24,892;25,511;26,109;26,695;27,270;27,833;28,383;28,921;29,446;29,959;30,460;30,949;31,427;31,893;32,350;32,796;33,233;33,661;34,080
Esquipulas Palo Gordo;San Marcos;12,393;12,697;12,987;13,263;13,523;13,775;14,018;14,254;14,485;14,711;14,933;15,148;15,361;15,569;15,775;15,977;16,176;16,372;16,565;16,756;16,943
Río Blanco;San Marcos;5,608;5,688;5,769;5,851;5,930;6,008;6,085;6,162;6,237;6,310;6,381;6,453;6,521;6,589;6,653;6,718;6,780;6,842;6,901;6,959;7,015
San Lorenzo;San Marcos;12,359;12,638;12,924;13,215;13,503;13,793;14,085;14,378;14,672;14,967;15,262;15,556;15,851;16,145;16,440;16,734;17,028;17,321;17,615;17,908;18,202
La Blanca;San Marcos;30,451;31,202;31,895;32,548;33,155;33,740;34,307;34,863;35,408;35,942;36,469;36,987;37,497;37,999;38,495;38,984;39,465;39,941;40,411;40,873;41,330
Huehuetenango;Huehuetenango;110,707;114,370;118,048;121,768;125,505;129,232;132,944;136,639;140,311;143,954;147,568;151,149;154,698;158,212;161,692;165,134;168,543;171,917;175,256;178,560;181,832
Chiantla;Huehuetenango;88,719;89,166;89,713;90,376;91,132;91,954;92,840;93,780;94,767;95,796;96,864;97,965;99,095;100,251;101,430;102,630;103,848;105,083;106,331;107,593;108,865
Malacatancito;Huehuetenango;19,363;19,852;20,345;20,846;21,350;21,855;22,357;22,859;23,359;23,858;24,353;24,846;25,338;25,827;26,313;26,797;27,280;27,760;28,239;28,716;29,191
Cuilco;Huehuetenango;59,650;60,765;61,871;62,983;64,091;65,178;66,248;67,297;68,325;69,329;70,313;71,273;72,211;73,127;74,023;74,896;75,750;76,584;77,400;78,197;78,978
Nentón;Huehuetenango;43,937;45,073;46,149;47,210;48,261;49,299;50,328;51,349;52,360;53,362;54,353;55,335;56,307;57,269;58,222;59,166;60,101;61,028;61,946;62,857;63,760
San Pedro Necta;Huehuetenango;37,610;38,199;38,780;39,361;39,934;40,493;41,036;41,562;42,073;42,565;43,042;43,500;43,943;44,370;44,780;45,174;45,554;45,920;46,271;46,610;46,936
Jacaltenango;Huehuetenango;36,747;37,867;38,986;40,117;41,250;42,375;43,493;44,605;45,704;46,794;47,872;48,938;49,993;51,034;52,065;53,083;54,089;55,084;56,068;57,041;58,003
San Pedro Soloma;Huehuetenango;53,376;55,003;56,631;58,271;59,914;61,547;63,166;64,772;66,363;67,936;69,491;71,029;72,548;74,048;75,530;76,993;78,439;79,868;81,280;82,675;84,055
San Ildefonso Ixtahuacán;Huehuetenango;48,982;50,057;51,130;52,217;53,305;54,382;55,453;56,511;57,558;58,592;59,613;60,621;61,616;62,598;63,568;64,524;65,470;66,403;67,326;68,238;69,141
Santa Bárbara;Huehuetenango;37,195;38,290;39,383;40,481;41,578;42,667;43,743;44,809;45,862;46,902;47,929;48,941;49,940;50,926;51,898;52,857;53,803;54,739;55,662;56,574;57,475
La Libertad;Huehuetenango;40,546;41,757;42,968;44,190;45,414;46,629;47,837;49,035;50,223;51,397;52,559;53,708;54,844;55,966;57,075;58,171;59,255;60,326;61,384;62,432;63,467
La Democracia;Huehuetenango;55,263;56,183;57,092;58,004;58,906;59,788;60,647;61,486;62,300;63,091;63,858;64,601;65,322;66,019;66,694;67,347;67,979;68,590;69,183;69,755;70,311
San Miguel Acatán;Huehuetenango;32,815;33,143;33,541;34,006;34,522;35,071;35,648;36,245;36,857;37,479;38,110;38,744;39,381;40,019;40,656;41,292;41,925;42,557;43,185;43,810;44,432
San Rafael La Independencia;Huehuetenango;16,858;17,136;17,410;17,685;17,956;18,222;18,481;18,733;18,978;19,216;19,446;19,669;19,885;20,093;20,296;20,490;20,680;20,862;21,039;21,210;21,375
Todos Santos Cuchumatán;Huehuetenango;34,858;35,549;36,237;36,930;37,622;38,303;38,976;39,638;40,289;40,927;41,554;42,170;42,773;43,366;43,946;44,515;45,074;45,623;46,161;46,689;47,209
San Juan Atitán;Huehuetenango;23,467;23,718;24,021;24,371;24,756;25,165;25,591;26,031;26,482;26,938;27,399;27,861;28,326;28,789;29,252;29,713;30,172;30,629;31,083;31,535;31,984
Santa Eulalia;Huehuetenango;45,681;46,582;47,478;48,382;49,283;50,171;51,047;51,910;52,756;53,589;54,404;55,205;55,989;56,759;57,513;58,253;58,978;59,689;60,388;61,074;61,747
San Mateo Ixtatán;Huehuetenango;50,129;51,524;52,933;54,367;55,820;57,277;58,738;60,203;61,672;63,139;64,610;66,078;67,550;69,019;70,492;71,963;73,436;74,912;76,388;77,868;79,349
Colotenango;Huehuetenango;40,409;41,064;41,710;42,358;42,997;43,622;44,231;44,823;45,397;45,954;46,492;47,014;47,517;48,004;48,473;48,927;49,366;49,788;50,197;50,591;50,973
San Sebastián Huehuetenango;Huehuetenango;35,393;36,518;37,642;38,775;39,909;41,035;42,153;43,261;44,359;45,444;46,517;47,576;48,623;49,657;50,677;51,684;52,678;53,661;54,631;55,590;56,536
Tectitán;Huehuetenango;10,838;11,002;11,162;11,322;11,481;11,635;11,783;11,928;12,066;12,201;12,330;12,454;12,574;12,688;12,799;12,903;13,005;13,102;13,194;13,282;13,368
Concepción Huista;Huehuetenango;24,466;18,717;19,130;19,549;19,968;20,384;20,798;21,208;21,614;22,016;22,413;22,806;23,194;23,578;23,958;24,334;24,705;25,073;25,437;25,798;26,154
San Juan Ixcoy;Huehuetenango;27,877;28,350;28,818;29,286;29,751;30,205;30,649;31,081;31,503;31,912;32,310;32,695;33,071;33,433;33,786;34,126;34,457;34,778;35,089;35,391;35,684
San Antonio Huista;Huehuetenango;15,713;16,226;16,739;17,257;17,775;18,291;18,803;19,311;19,814;20,313;20,806;21,293;21,774;22,250;22,719;23,183;23,641;24,094;24,541;24,981;25,418
San Sebastián Coatán;Huehuetenango;23,683;24,023;24,356;24,688;25,016;25,332;25,639;25,935;26,219;26,491;26,752;27,003;27,242;27,470;27,688;27,896;28,094;28,283;28,462;28,634;28,796
Santa Cruz Barillas;Huehuetenango;107,436;110,605;113,667;116,671;119,607;122,466;125,258;127,991;130,669;133,295;135,875;138,411;140,910;143,372;145,801;148,198;150,567;152,910;155,229;157,525;159,800
Aguacatán;Huehuetenango;53,559;54,458;55,345;56,234;57,116;57,977;58,818;59,638;60,435;61,209;61,961;62,689;63,396;64,080;64,742;65,383;66,005;66,607;67,190;67,755;68,302
San Rafael Petzal;Huehuetenango;11,160;11,393;11,627;11,862;12,097;12,330;12,559;12,786;13,010;13,231;13,449;13,663;13,873;14,080;14,285;14,485;14,683;14,878;15,070;15,259;15,446
San Gaspar Ixchil;Huehuetenango;9,684;9,820;9,953;10,085;10,216;10,341;10,463;10,581;10,693;10,801;10,903;11,002;11,096;11,185;11,270;11,351;11,428;11,501;11,570;11,636;11,698
Santiago Chimaltenango;Huehuetenango;12,317;12,644;12,971;13,304;13,637;13,971;14,302;14,631;14,958;15,283;15,605;15,924;16,241;16,555;16,867;17,175;17,481;17,784;18,085;18,383;18,679
Santa Ana Huista;Huehuetenango;8,878;9,181;9,463;9,729;9,983;10,225;10,460;10,687;10,910;11,126;11,340;11,549;11,755;11,959;12,159;12,357;12,553;12,748;12,940;13,131;13,320
Unión Cantinil;Huehuetenango;15,047;15,502;15,962;16,433;16,911;17,393;17,878;18,367;18,858;19,352;19,848;20,347;20,848;21,351;21,857;22,366;22,877;23,390;23,907;24,426;24,949
Petatán;Huehuetenango;0;6,300;6,439;6,580;6,721;6,861;7,000;7,138;7,275;7,409;7,543;7,676;7,806;7,936;8,063;8,190;8,315;8,438;8,561;8,682;8,803
Santa Cruz del Quiché;Quiché;90,521;91,890;93,322;94,849;96,414;97,957;99,479;100,977;102,447;103,888;105,298;106,678;108,028;109,347;110,638;111,899;113,131;114,337;115,517;116,671;117,799
Chiché;Quiché;30,813;31,029;31,261;31,519;31,782;32,033;32,271;32,494;32,703;32,897;33,077;33,242;33,393;33,530;33,653;33,763;33,861;33,948;34,023;34,086;34,139
Chinique;Quiché;12,062;12,289;12,526;12,777;13,035;13,292;13,547;13,800;14,052;14,302;14,548;14,792;15,033;15,273;15,509;15,743;15,975;16,203;16,430;16,655;16,877
Zacualpa;Quiché;35,695;36,353;37,040;37,769;38,517;39,262;40,003;40,739;41,467;42,188;42,902;43,607;44,304;44,992;45,673;46,346;47,010;47,668;48,318;48,962;49,599
Chajul;Quiché;44,438;45,719;46,994;48,283;49,562;50,806;52,019;53,201;54,355;55,481;56,582;57,659;58,715;59,749;60,766;61,764;62,747;63,716;64,672;65,614;66,545
Santo Tomás Chichicastenango;Quiché;138,976;140,802;142,714;144,765;146,861;148,918;150,932;152,900;154,817;156,681;158,490;160,245;161,947;163,595;165,193;166,738;168,233;169,682;171,084;172,441;173,754
Patzité;Quiché;6,963;7,076;7,204;7,343;7,491;7,639;7,787;7,936;8,084;8,230;8,376;8,521;8,663;8,805;8,945;9,084;9,222;9,358;9,494;9,627;9,760
San Antonio Ilotenango;Quiché;26,663;27,302;27,968;28,673;29,399;30,129;30,864;31,600;32,339;33,080;33,820;34,561;35,303;36,045;36,788;37,531;38,274;39,018;39,764;40,511;41,259
San Pedro Jocopilas;Quiché;34,586;35,106;35,650;36,231;36,826;37,412;37,990;38,560;39,117;39,664;40,200;40,724;41,237;41,737;42,227;42,705;43,172;43,630;44,077;44,515;44,942
Cunén;Quiché;41,985;42,788;43,628;44,518;45,431;46,343;47,250;48,151;49,047;49,935;50,815;51,685;52,548;53,402;54,248;55,085;55,914;56,736;57,551;58,357;59,158
San Juan Cotzal;Quiché;32,305;32,915;33,552;34,227;34,920;35,610;36,298;36,981;37,659;38,330;38,994;39,652;40,303;40,947;41,584;42,214;42,838;43,456;44,068;44,674;45,274
Joyabaj;Quiché;91,528;94,009;96,584;99,287;102,061;104,844;107,634;110,427;113,217;116,004;118,783;121,553;124,312;127,061;129,798;132,523;135,233;137,932;140,619;143,292;145,951
Santa María Nebaj;Quiché;69,162;70,417;71,727;73,119;74,546;75,966;77,377;78,776;80,162;81,532;82,887;84,225;85,546;86,850;88,139;89,411;90,668;91,909;93,137;94,350;95,549
San Andrés Sajcabajá;Quiché;25,349;25,748;26,166;26,611;27,067;27,517;27,962;28,401;28,833;29,257;29,672;30,080;30,480;30,872;31,257;31,632;32,001;32,363;32,718;33,066;33,408
San Miguel Uspantán;Quiché;66,651;67,812;69,024;70,311;71,632;72,943;74,244;75,531;76,804;78,060;79,300;80,521;81,725;82,911;84,079;85,231;86,365;87,485;88,588;89,677;90,749
Sacapulas;Quiché;52,010;52,522;53,064;53,652;54,254;54,836;55,398;55,940;56,458;56,954;57,426;57,874;58,301;58,705;59,088;59,448;59,789;60,110;60,412;60,696;60,962
San Bartolomé Jocotenango;Quiché;14,621;14,798;14,982;15,181;15,384;15,583;15,777;15,965;16,149;16,326;16,497;16,663;16,823;16,976;17,124;17,267;17,404;17,536;17,664;17,786;17,904
Canillá;Quiché;12,020;12,089;12,181;12,299;12,432;12,574;12,724;12,880;13,041;13,206;13,375;13,547;13,721;13,898;14,077;14,257;14,438;14,620;14,803;14,987;15,171
Chicamán;Quiché;38,465;39,179;39,924;40,715;41,527;42,335;43,139;43,937;44,728;45,511;46,285;47,052;47,809;48,557;49,298;50,030;50,753;51,469;52,178;52,878;53,572
Playa Grande Ixcán;Quiché;96,526;98,673;100,778;102,932;105,104;107,248;109,372;111,478;113,565;115,635;117,684;119,712;121,722;123,712;125,683;127,634;129,567;131,484;133,384;135,267;137,134
Pachalum;Quiché;8,413;8,652;8,896;9,147;9,400;9,650;9,897;10,141;10,381;10,616;10,848;11,076;11,300;11,520;11,736;11,949;12,158;12,364;12,567;12,767;12,964
Salamá;Baja Verapaz;63,021;64,393;65,788;67,216;68,644;70,066;71,478;72,884;74,277;75,654;77,020;78,371;79,708;81,027;82,332;83,620;84,896;86,155;87,397;88,628;89,841
San Miguel Chicaj;Baja Verapaz;31,304;32,183;33,085;34,013;34,951;35,895;36,845;37,802;38,761;39,723;40,689;41,656;42,626;43,597;44,570;45,543;46,519;47,496;48,473;49,454;50,434
Rabinal;Baja Verapaz;43,367;43,884;44,404;44,930;45,443;45,937;46,411;46,867;47,303;47,714;48,106;48,477;48,828;49,156;49,464;49,751;50,021;50,272;50,502;50,717;50,912
Cubulco;Baja Verapaz;56,153;56,826;57,501;58,186;58,854;59,496;60,112;60,706;61,271;61,806;62,317;62,799;63,254;63,680;64,081;64,455;64,805;65,130;65,429;65,708;65,962
Granados;Baja Verapaz;13,340;13,543;13,749;13,961;14,171;14,380;14,585;14,787;14,986;15,181;15,371;15,559;15,742;15,922;16,098;16,269;16,437;16,601;16,762;16,920;17,073
Santa Cruz El Chol;Baja Verapaz;9,158;9,366;9,578;9,795;10,013;10,229;10,445;10,661;10,874;11,086;11,298;11,506;11,714;11,919;12,122;12,324;12,524;12,722;12,917;13,111;13,304
San Jerónimo;Baja Verapaz;24,063;24,739;25,432;26,145;26,865;27,591;28,321;29,057;29,795;30,535;31,277;32,022;32,768;33,514;34,263;35,012;35,764;36,516;37,270;38,025;38,780
Purulhá;Baja Verapaz;58,932;59,987;61,055;62,144;63,226;64,292;65,340;66,374;67,388;68,379;69,352;70,303;71,234;72,142;73,029;73,893;74,739;75,564;76,366;77,153;77,916
Cobán;Alta Verapaz;200,830;205,451;210,119;214,811;219,494;224,109;228,664;233,151;237,572;241,927;246,214;250,434;254,590;258,680;262,708;266,675;270,584;274,435;278,231;281,973;285,662
Santa Cruz Verapaz;Alta Verapaz;30,540;31,406;32,288;33,181;34,082;34,981;35,878;36,773;37,666;38,557;39,446;40,332;41,215;42,096;42,975;43,852;44,727;45,600;46,472;47,343;48,213
San Cristóbal Verapaz;Alta Verapaz;72,436;73,822;75,212;76,599;77,971;79,308;80,613;81,883;83,119;84,321;85,489;86,625;87,727;88,799;89,839;90,850;91,831;92,785;93,712;94,611;95,485
Tactic;Alta Verapaz;37,524;38,267;39,014;39,761;40,501;41,224;41,930;42,619;43,292;43,949;44,587;45,210;45,817;46,408;46,984;47,544;48,092;48,624;49,143;49,649;50,142
Tamahú;Alta Verapaz;20,807;21,422;22,038;22,653;23,262;23,858;24,444;25,017;25,578;26,126;26,663;27,187;27,698;28,197;28,685;29,161;29,624;30,078;30,520;30,951;31,374
San Miguel Tucurú;Alta Verapaz;45,512;46,431;47,356;48,280;49,196;50,093;50,971;51,828;52,666;53,484;54,282;55,061;55,821;56,562;57,285;57,990;58,679;59,351;60,007;60,648;61,272
Panzós;Alta Verapaz;72,979;74,351;75,727;77,100;78,457;79,777;81,063;82,314;83,530;84,712;85,858;86,970;88,050;89,097;90,112;91,097;92,053;92,979;93,877;94,748;95,594
Senahú;Alta Verapaz;89,845;91,348;92,857;94,362;95,850;97,296;98,703;100,068;101,395;102,683;103,934;105,147;106,324;107,467;108,576;109,653;110,699;111,717;112,707;113,670;114,607
San Pedro Carchá;Alta Verapaz;218,371;224,344;230,413;236,555;242,731;248,880;255,006;261,102;267,167;273,204;279,206;285,176;291,115;297,020;302,896;308,742;314,562;320,354;326,122;331,864;337,585
San Juan Chamelco;Alta Verapaz;53,857;55,143;56,444;57,752;59,062;60,355;61,634;62,896;64,144;65,375;66,590;67,789;68,972;70,140;71,293;72,431;73,555;74,665;75,762;76,847;77,918
San Agustín Lanquín;Alta Verapaz;24,350;24,653;24,993;25,362;25,750;26,146;26,551;26,958;27,367;27,776;28,183;28,587;28,987;29,383;29,774;30,159;30,539;30,913;31,280;31,642;31,998
Santa María Cahabón;Alta Verapaz;62,767;64,039;65,318;66,597;67,866;69,107;70,321;71,509;72,669;73,803;74,909;75,988;77,042;78,069;79,072;80,051;81,006;81,938;82,849;83,738;84,606
Chisec;Alta Verapaz;98,126;98,892;99,991;101,330;102,833;104,428;106,084;107,772;109,476;111,182;112,880;114,563;116,225;117,863;119,475;121,061;122,619;124,149;125,651;127,125;128,572
Chahal;Alta Verapaz;25,615;26,260;26,914;27,574;28,235;28,890;29,540;30,183;30,822;31,454;32,079;32,698;33,311;33,919;34,521;35,116;35,707;36,293;36,873;37,448;38,019
Fray Bartolomé de Las Casas;Alta Verapaz;66,532;68,434;70,347;72,263;74,170;76,047;77,896;79,714;81,500;83,255;84,976;86,664;88,319;89,941;91,529;93,086;94,611;96,104;97,567;98,999;100,402
Santa Catalina La Tinta;Alta Verapaz;40,037;40,995;41,959;42,922;43,879;44,819;45,742;46,648;47,536;48,405;49,258;50,092;50,909;51,708;52,491;53,257;54,007;54,741;55,460;56,165;56,855
Raxruhá;Alta Verapaz;35,103;36,078;36,959;37,789;38,585;39,350;40,094;40,818;41,526;42,219;42,896;43,560;44,209;44,845;45,468;46,078;46,676;47,262;47,837;48,400;48,952
Flores;Petén;38,188;39,227;40,213;41,166;42,069;42,960;43,839;44,706;45,560;46,401;47,226;48,039;48,837;49,621;50,391;51,148;51,892;52,624;53,343;54,051;54,747
San José;Petén;6,852;6,917;6,976;7,034;7,088;7,143;7,202;7,261;7,323;7,385;7,449;7,513;7,579;7,645;7,712;7,779;7,847;7,915;7,983;8,052;8,121
San Benito;Petén;47,868;48,853;49,788;50,701;51,568;52,439;53,313;54,189;55,065;55,941;56,814;57,685;58,553;59,418;60,279;61,137;61,990;62,842;63,689;64,533;65,372
San Andrés;Petén;32,963;33,397;33,790;34,160;34,494;34,823;35,146;35,465;35,777;36,082;36,380;36,670;36,953;37,227;37,493;37,749;37,999;38,241;38,475;38,702;38,921
La Libertad;Petén;76,075;77,647;79,139;80,597;81,984;83,375;84,772;86,171;87,572;88,972;90,367;91,760;93,149;94,533;95,910;97,282;98,649;100,011;101,366;102,716;104,062
San Francisco;Petén;15,132;15,399;15,648;15,889;16,114;16,339;16,563;16,787;17,009;17,230;17,447;17,664;17,878;18,089;18,299;18,506;18,710;18,912;19,111;19,309;19,503
Santa Ana;Petén;21,238;21,718;22,178;22,630;23,063;23,499;23,939;24,380;24,824;25,269;25,715;26,161;26,608;27,056;27,502;27,949;28,396;28,844;29,291;29,739;30,186
Dolores;Petén;28,691;28,946;29,178;29,406;29,616;29,836;30,065;30,302;30,546;30,795;31,049;31,309;31,571;31,837;32,107;32,378;32,652;32,928;33,206;33,486;33,767
San Luis;Petén;72,377;73,268;74,066;74,813;75,476;76,128;76,768;77,395;78,007;78,604;79,180;79,739;80,281;80,802;81,305;81,788;82,253;82,700;83,129;83,542;83,935
Sayaxché;Petén;89,557;91,192;92,726;94,212;95,608;97,002;98,397;99,787;101,171;102,547;103,912;105,266;106,610;107,939;109,256;110,560;111,851;113,132;114,397;115,651;116,891
Melchor de Mencos;Petén;28,157;28,580;28,969;29,339;29,680;30,018;30,352;30,682;31,009;31,331;31,647;31,958;32,263;32,562;32,855;33,141;33,421;33,696;33,964;34,227;34,484
Poptún;Petén;59,162;60,798;62,351;63,854;65,278;66,682;68,069;69,437;70,784;72,109;73,411;74,692;75,950;77,186;78,399;79,591;80,763;81,915;83,047;84,161;85,256
Las Cruces;Petén;34,597;35,311;35,990;36,652;37,283;37,915;38,551;39,188;39,824;40,460;41,095;41,729;42,361;42,989;43,616;44,240;44,861;45,481;46,097;46,712;47,322
El Chal;Petén;14,728;14,858;14,978;15,095;15,204;15,316;15,433;15,555;15,680;15,808;15,939;16,072;16,207;16,344;16,481;16,621;16,761;16,904;17,046;17,189;17,334
Puerto Barrios;Izabal;102,777;104,084;105,399;106,744;108,136;109,502;110,846;112,163;113,450;114,711;115,942;117,139;118,311;119,449;120,559;121,639;122,692;123,714;124,710;125,678;126,622
Livingston;Izabal;73,849;74,883;75,925;76,990;78,092;79,178;80,249;81,304;82,339;83,357;84,355;85,332;86,290;87,227;88,145;89,043;89,922;90,780;91,619;92,442;93,246
El Estor;Izabal;74,849;76,076;77,316;78,586;79,898;81,199;82,491;83,771;85,035;86,288;87,526;88,744;89,950;91,138;92,310;93,466;94,608;95,733;96,842;97,936;99,016
Morales;Izabal;98,533;99,964;101,406;102,882;104,407;105,913;107,400;108,867;110,310;111,730;113,125;114,491;115,836;117,152;118,444;119,710;120,953;122,167;123,359;124,528;125,674
Los Amates;Izabal;61,031;61,682;62,386;63,133;63,922;64,703;65,475;66,233;66,973;67,699;68,406;69,094;69,765;70,417;71,051;71,667;72,266;72,847;73,411;73,958;74,491
Zacapa;Zacapa;61,808;62,564;63,319;64,064;64,854;65,641;66,423;67,201;67,974;68,738;69,494;70,239;70,975;71,699;72,415;73,118;73,810;74,491;75,159;75,819;76,467
Estanzuela;Zacapa;10,847;10,833;10,826;10,824;10,835;10,851;10,872;10,896;10,925;10,957;10,991;11,026;11,065;11,104;11,145;11,188;11,231;11,275;11,319;11,364;11,410
Río Hondo;Zacapa;21,145;21,507;21,871;22,234;22,615;22,999;23,384;23,771;24,159;24,547;24,936;25,323;25,710;26,095;26,481;26,865;27,248;27,630;28,010;28,390;28,768
Gualán;Zacapa;47,500;47,868;48,233;48,584;48,966;49,341;49,709;50,070;50,421;50,763;51,095;51,415;51,723;52,021;52,308;52,582;52,846;53,097;53,336;53,566;53,786
Teculután;Zacapa;18,702;18,958;19,214;19,468;19,736;20,005;20,272;20,539;20,805;21,070;21,331;21,591;21,849;22,103;22,356;22,606;22,852;23,097;23,336;23,576;23,812
Usumatlán;Zacapa;12,079;12,292;12,496;12,688;12,882;13,067;13,245;13,417;13,584;13,743;13,898;14,046;14,189;14,327;14,461;14,590;14,716;14,837;14,954;15,068;15,178
Cabañas;Zacapa;13,790;13,958;14,126;14,292;14,467;14,642;14,817;14,990;15,161;15,331;15,499;15,665;15,829;15,990;16,149;16,305;16,459;16,611;16,759;16,906;17,050
San Diego;Zacapa;7,290;7,362;7,434;7,505;7,581;7,657;7,732;7,807;7,882;7,956;8,028;8,098;8,168;8,237;8,305;8,371;8,435;8,497;8,559;8,619;8,678
La Unión;Zacapa;36,931;37,190;37,445;37,688;37,956;38,218;38,473;38,722;38,964;39,198;39,425;39,641;39,849;40,046;40,236;40,416;40,588;40,750;40,902;41,047;41,184
Huité;Zacapa;11,480;11,570;11,659;11,746;11,839;11,931;12,021;12,110;12,197;12,281;12,362;12,441;12,517;12,591;12,662;12,730;12,795;12,858;12,917;12,975;13,029
San Jorge;Zacapa;12,586;12,740;12,894;13,045;13,206;13,366;13,525;13,684;13,841;13,997;14,151;14,303;14,452;14,600;14,746;14,889;15,030;15,169;15,304;15,439;15,571
Chiquimula;Chiquimula;107,907;109,712;111,519;113,337;115,108;116,874;118,635;120,384;122,122;123,844;125,549;127,235;128,902;130,551;132,182;133,792;135,385;136,959;138,515;140,051;141,572
San José La Arada;Chiquimula;8,614;8,710;8,805;8,899;8,990;9,078;9,165;9,249;9,331;9,412;9,489;9,564;9,637;9,707;9,775;9,841;9,904;9,964;10,023;10,079;10,133
San Juan Ermita;Chiquimula;16,328;16,676;17,024;17,376;17,719;18,064;18,407;18,751;19,092;19,430;19,767;20,101;20,431;20,759;21,083;21,404;21,722;22,036;22,347;22,655;22,959
Jocotán;Chiquimula;66,557;67,842;69,134;70,439;71,722;73,006;74,293;75,578;76,863;78,144;79,418;80,687;81,949;83,206;84,457;85,699;86,936;88,167;89,392;90,608;91,820
Camotán;Chiquimula;57,580;58,242;58,895;59,547;60,167;60,775;61,374;61,958;62,528;63,084;63,624;64,146;64,653;65,142;65,616;66,074;66,517;66,944;67,356;67,753;68,136
Olopa;Chiquimula;27,868;28,233;28,615;29,007;29,391;29,775;30,156;30,534;30,908;31,276;31,638;31,995;32,344;32,688;33,026;33,356;33,681;34,000;34,313;34,619;34,921
Esquipulas;Chiquimula;52,498;53,148;53,792;54,436;55,050;55,655;56,253;56,839;57,412;57,974;58,521;59,053;59,572;60,077;60,568;61,045;61,508;61,957;62,395;62,818;63,230
Concepción Las Minas;Chiquimula;12,125;12,205;12,283;12,360;12,428;12,495;12,557;12,615;12,671;12,722;12,770;12,813;12,852;12,888;12,919;12,947;12,972;12,993;13,010;13,024;13,035
Quezaltepeque;Chiquimula;27,288;27,704;28,119;28,536;28,940;29,341;29,740;30,136;30,527;30,913;31,292;31,668;32,036;32,399;32,757;33,109;33,455;33,795;34,131;34,460;34,785
San Jacinto;Chiquimula;12,377;12,528;12,678;12,826;12,969;13,109;13,247;13,381;13,513;13,643;13,770;13,891;14,011;14,127;14,239;14,348;14,454;14,557;14,657;14,754;14,847
Ipala;Chiquimula;21,808;22,133;22,456;22,781;23,095;23,407;23,717;24,024;24,327;24,625;24,919;25,209;25,493;25,773;26,049;26,319;26,585;26,846;27,102;27,354;27,602
Jalapa;Jalapa;172,722;175,654;178,562;181,460;184,350;187,189;189,965;192,676;195,321;197,894;200,396;202,833;205,193;207,489;209,716;211,874;213,971;216,006;217,978;219,889;221,747
San Pedro Pinula;Jalapa;68,442;69,847;71,253;72,663;74,079;75,483;76,872;78,244;79,597;80,930;82,242;83,536;84,807;86,059;87,289;88,500;89,694;90,868;92,023;93,160;94,281
San Luis Jilotepeque;Jalapa;23,698;24,157;24,615;25,073;25,532;25,986;26,434;26,874;27,307;27,733;28,149;28,560;28,961;29,355;29,741;30,119;30,489;30,853;31,209;31,559;31,902
San Manuel Chaparrón;Jalapa;8,262;8,390;8,516;8,642;8,767;8,890;9,009;9,126;9,239;9,348;9,455;9,558;9,658;9,754;9,848;9,937;10,025;10,110;10,191;10,270;10,346
San Carlos Alzatate;Jalapa;19,514;19,867;20,218;20,569;20,920;21,265;21,605;21,938;22,264;22,583;22,895;23,200;23,495;23,786;24,068;24,345;24,614;24,876;25,133;25,383;25,627
Monjas;Jalapa;26,304;27,003;27,708;28,422;29,146;29,874;30,602;31,330;32,058;32,787;33,512;34,239;34,963;35,686;36,408;37,128;37,848;38,567;39,284;40,000;40,717
Mataquescuintla;Jalapa;41,152;42,026;42,902;43,783;44,668;45,547;46,418;47,280;48,132;48,972;49,802;50,621;51,428;52,224;53,009;53,782;54,546;55,299;56,042;56,775;57,499
Jutiapa;Jutiapa;153,973;155,866;157,773;159,684;161,584;163,444;165,266;167,049;168,787;170,481;172,134;173,744;175,308;176,829;178,312;179,749;181,149;182,511;183,830;185,117;186,366
El Progreso;Jutiapa;23,401;23,749;24,100;24,452;24,806;25,155;25,499;25,839;26,174;26,503;26,828;27,148;27,460;27,768;28,072;28,370;28,662;28,950;29,234;29,512;29,786
Santa Catarina Mita;Jutiapa;28,396;28,863;29,337;29,816;30,296;30,771;31,242;31,709;32,172;32,629;33,081;33,527;33,970;34,405;34,837;35,262;35,683;36,099;36,510;36,916;37,319
Agua Blanca;Jutiapa;16,113;16,348;16,584;16,823;17,062;17,298;17,533;17,765;17,993;18,219;18,442;18,663;18,879;19,093;19,304;19,513;19,719;19,923;20,124;20,324;20,520
Asunción Mita;Jutiapa;46,912;47,844;48,770;49,684;50,584;51,461;52,313;53,141;53,944;54,720;55,473;56,200;56,902;57,579;58,233;58,862;59,469;60,054;60,615;61,157;61,678
Yupiltepeque;Jutiapa;17,203;17,334;17,476;17,628;17,785;17,943;18,103;18,262;18,419;18,575;18,728;18,878;19,023;19,166;19,306;19,441;19,573;19,701;19,825;19,946;20,063
Atescatempa;Jutiapa;18,097;18,372;18,650;18,930;19,211;19,489;19,762;20,033;20,300;20,563;20,822;21,077;21,329;21,576;21,820;22,059;22,295;22,527;22,756;22,980;23,202
Jerez;Jutiapa;6,188;6,287;6,388;6,490;6,594;6,697;6,800;6,903;7,006;7,107;7,210;7,312;7,414;7,515;7,617;7,718;7,820;7,923;8,024;8,127;8,230
El Adelanto;Jutiapa;7,894;7,968;8,043;8,117;8,190;8,260;8,329;8,394;8,457;8,518;8,575;8,631;8,683;8,734;8,782;8,828;8,871;8,911;8,950;8,987;9,022
Zapotitlán;Jutiapa;9,684;9,812;9,941;10,071;10,200;10,326;10,451;10,573;10,693;10,810;10,925;11,037;11,147;11,254;11,358;11,460;11,560;11,658;11,753;11,846;11,937
Comapa;Jutiapa;34,652;34,986;35,347;35,722;36,104;36,482;36,853;37,218;37,572;37,917;38,253;38,579;38,894;39,200;39,497;39,783;40,060;40,328;40,587;40,838;41,079
Jalpatagua;Jutiapa;29,894;30,103;30,331;30,575;30,828;31,084;31,342;31,601;31,858;32,112;32,363;32,611;32,853;33,088;33,321;33,546;33,767;33,982;34,191;34,393;34,591
Conguaco;Jutiapa;27,022;27,430;27,842;28,257;28,672;29,082;29,487;29,887;30,281;30,669;31,053;31,429;31,799;32,164;32,522;32,875;33,222;33,564;33,899;34,231;34,556
Moyuta;Jutiapa;48,886;49,175;49,464;49,747;50,022;50,280;50,520;50,742;50,947;51,134;51,303;51,456;51,591;51,709;51,813;51,900;51,973;52,032;52,076;52,108;52,128
Pasaco;Jutiapa;10,535;10,638;10,740;10,843;10,945;11,042;11,137;11,229;11,318;11,402;11,484;11,562;11,636;11,708;11,777;11,842;11,904;11,964;12,020;12,074;12,124
San José Acatempa;Jutiapa;13,308;13,399;13,492;13,585;13,677;13,767;13,854;13,938;14,017;14,095;14,169;14,240;14,309;14,373;14,436;14,495;14,552;14,606;14,658;14,707;14,755
Quesada;Jutiapa;22,487;22,655;22,836;23,027;23,225;23,424;23,623;23,822;24,020;24,214;24,406;24,595;24,779;24,960;25,136;25,308;25,475;25,638;25,796;25,950;26,099
